-0.007869791802663366, -18.591938707575892,7
-0.013974201472101292, -3.9064446570815994,5
-0.017796511167178647, -11.056266520002382,5
-0.018038443509475283, -11.679004791588799,8
-0.02292418677010391, -23.09749609256507,7
-0.02776089491118119, 7.835522742953011,3
-0.032382422531514445, -3.0312003378234618,1
-0.03312953551800254, 23.813149654458563,0
-0.036646308492411815, -15.998429200313094,7
-0.03937382099053823, 13.201562316151458,0
-0.05628144014325253, 25.00710595698725,0
-0.0828337340349585, -14.783643100674517,8
-0.09831271990358328, -8.26448672894751,9
-0.1420043564042465, -12.376016782688941,5
-0.15722388545301527, -17.46498084872868,7
-0.16985044297109117, -1.4959649269149626,8
-0.17122187996954777, 5.945075892353811,2
-0.2041191998829214, -6.257531039589454,1
-0.2044750346482886, -20.879020130331615,7
-0.2174953301824029, -4.000382289511639,1
-0.23832154735885952, -3.711893846221084,8
-0.25197142413686324, -3.356495028874359,1
-0.29272105361697537, -0.09592778056414883,1
-0.302796002781686, -11.024133289557893,5
-0.3316471633368521, 19.389701984976373,0
-0.3425673215798144, -10.613684157844332,1
-0.34438957564506556, 6.365549190755606,8
-0.3558881927086276, 26.167590523969054,0
-0.37036669052459387, -8.03403982282364,8
-0.37250935051579254, -0.903474335412394,1
-0.3951571734535226, -11.84069341988029,8
-0.40653824055675886, 13.562407424002133,5
-0.4141066938187535, -13.054196237132318,7
-0.4322468371571185, -5.936109863336071,5
-0.47441557124237493, -8.074883523169316,1
-0.5287982826601592, -6.227605201659357,8
-0.5445410675169462, -8.265108799371811,5
-0.5446111090350725, -16.52523618115338,5
-0.565028876735587, 20.73749276178431,0
-0.5697664144737378, -15.907761286896507,7
-0.6204141377622684, 24.848236617400755,0
-0.6220574683319379, -9.238996490263988,8
-0.6329864180831448, -20.799121113668715,7
-0.6453051231767715, 24.616744452636276,0
-0.683126080789434, 30.09220500921149,0
-0.7543216581879909, -13.315109091559817,8
-0.7588580013697233, -18.782272725181397,7
-0.7628065374859042, 21.869207353789673,0
-0.7710633316668344, 22.859279663831135,0
-0.7809228056670983, -9.767273656495526,8
-0.7919480726943137, -9.227778583253702,1
-0.7938789063102546, 24.945676754121198,0
-0.8022443218905565, 2.136169864914429,8
-0.8220412520317849, 14.199042608953645,5
-0.8655758162075591, -16.78595196526298,7
-0.8775257338682194, -5.645512441991219,1
-0.9043812306070821, 23.84828574341094,0
-0.9071505584380009, 11.52346491593282,0
-0.9087340943065016, 22.735801050576352,0
-0.9160642334837598, 10.028631867522499,5
-0.937981496410193, -2.1653946092311154,9
-0.9741830810554987, 12.167148716536126,0
-0.9857217999967384, -10.680228643164433,2
-0.9894166235868996, 20.704064245665553,0
-0.993019678156802, -13.182850246022594,5
-0.9986092266599563, 4.703836257045354,8
-1.0244782537115746, 13.604115014690256,5
-1.0875951663836756, -1.7525084847432648,8
-1.1998044064355553, -21.257688409480657,7
-1.2083644616382612, -17.00738300389167,4
-1.2591914138022118, 3.8123746852785754,8
-1.259466565739986, 21.274883013488772,0
-1.2611159957728217, -14.464136015390638,7
-1.2648417663055718, 23.802458825111124,0
-1.2758136313915411, 0.9670553341672048,5
-1.2960857489324484, -16.41995791353681,5
-1.3050742361771208, -3.4232817637188226,1
-1.320328166141788, -0.5308776350261951,2
-1.3471703096666758, -10.507400652913331,5
-1.3532634533074457, -5.599847347101942,8
-1.3899076448845744, -11.221807484691984,7
-1.390902522214364, -19.313625038187745,7
-1.400725842836766, -15.861295772781205,5
-1.4040127437750458, 18.152432827137897,0
-1.4078452109838027, -17.032414107989013,7
-1.4181443560376867, 22.16400137896353,0
-1.453472713383826, -14.990380363155918,7
-1.458019250224364, 18.03140855447216,0
-1.4590360682378651, -3.691626947062387,3
-1.4714179040921602, -8.183435031724645,5
-1.4785884444661779, 8.146613975792391,8
-1.4836751689999932, -18.481703765404166,7
-1.5016871395370661, -13.593786565564073,7
-1.521500615311674, -14.960019896015085,8
-1.5234390317821276, -8.056539465221306,5
-1.5471382968633145, -2.2869423657646046,7
-1.5692219045730127, -4.431659971064172,5
-1.5776119002462987, -17.6674197207284,7
-1.5949294034960597, -5.491400905413347,8
-1.630982667889389, -0.23753213433679948,1
-1.6468170976846566, -21.757255447107656,7
-1.6853610541854107, 1.9928645411602077,1
-1.6854419246607932, 22.719163382430462,0
-1.7180787483082294, -3.5362203575292264,8
-1.7290497858035203, 20.1681423881747,0
-1.7574910409432956, -20.58578856749065,7
-1.764599188540772, -2.8774999176239895,8
-1.78223447468631, -15.464901910425604,9
-1.7981299270595617, 21.56672574287754,0
-1.8210138843382764, 2.554879593318885,5
-1.8835249130158678, -7.002628918896702,1
-1.9106053605344895, -7.295322053537099,5
-1.9232326200421217, 3.6490044254812544,1
-1.9581674778132085, 6.277574507027861,5
-1.9651021510345368, -5.4571780312538944,1
-1.9752147500053976, -17.410000087745903,7
-10.027918931582645, -11.593353616377408,2
-10.049213012988345, -19.16230802173851,7
-10.070193230628007, -5.362953951029286,2
-10.09424868281237, 10.805106724614138,9
-10.099998370781426, -8.453603143889737,2
-10.113556337191548, -5.568451534991035,2
-10.178754607834186, -10.06305263061836,2
-10.18868673671033, -2.9349153307644866,5
-10.193365374931341, -13.09020230459782,2
-10.211678945379745, 11.643397627578398,5
-10.212180041469823, -2.419569494898536,8
-10.22062579434319, 14.702923430893373,9
-10.23071760827333, -5.025994572138347,2
-10.270800663242127, -5.216621478193649,2
-10.297383065563267, 24.077771177842774,0
-10.301243335060185, 10.45240319099629,9
-10.328480505725143, -8.226021754652526,2
-10.378171912974397, -3.25151861947529,8
-10.397304930620608, -6.21733889744264,2
-10.431785170260895, 1.0471173692283184,3
-10.506758308362679, -14.775112745225215,8
-10.528426887248088, -4.200105416777684,2
-10.574568323996806, -2.93352076316413,2
-10.616558720675151, 6.567636791716178,5
-10.633239529558166, -4.294858277021007,2
-10.65915959982221, 10.801317885923337,9
-10.763190289022601, -6.614981745643007,2
-10.834748667201197, 7.099127276665259,9
-10.90305944669274, 7.629518615799853,9
-10.962093142109689, 7.777285626574875,3
-10.962865103209454, -1.0744622097866776,3
-10.968484740111013, -8.198725070479442,2
-10.983601685953813, -5.381762097153959,2
-11.048379129587696, 9.119141357664446,9
-11.07724369435315, 13.289054862645033,9
-11.102537387803384, -10.617277434921638,2
-11.141195134719755, -6.834037353993165,2
-11.204179327501876, -9.872398113817665,2
-11.207710424274353, -7.310066282049499,2
-11.2110014214614, -15.329803072308902,8
-11.248326358513976, -10.8083853890566,2
-11.267827684432334, -5.606877811295253,2
-11.296237533175363, -4.463763863634648,9
-11.298546730746406, 14.407366737807244,5
-11.335959384140876, 13.611445677975718,9
-11.38050650716073, -11.104460015249437,2
-11.389254590407546, -2.4373115502370544,5
-11.389711271213512, 9.719246905282905,3
-11.398778694939894, 5.1611998098513245,8
-11.438992543592814, -6.7573008826047385,2
-11.46871838135455, 16.04178502117444,9
-11.476499988526088, 17.152986720045565,5
-11.487967432598845, -26.05464911860804,3
-11.52763835997637, -4.253659661440434,2
-11.530671740032576, 11.774177607200764,5
-11.536337190093333, 3.8370999975295326,8
-11.55455547549552, -8.66783446520812,2
-11.580751269238938, 11.226695298226174,5
-11.620070814854415, -10.725633457414165,2
-11.645983096061723, -8.534244063750482,2
-11.73369836954123, 6.719623478417042,3
-11.741343337205759, 11.05617593222215,9
-11.758287954255636, 4.732809380222624,8
-11.763069194241822, -1.9711773752261028,2
-11.77080481227844, 6.719931570936362,3
-11.79359049575855, -12.31380673556954,2
-11.805018887245724, 8.904757581688292,9
-11.8918364564822, 2.3213974765405423,5
-11.92859452490408, 11.51781955178062,9
-11.949692247456307, 7.037389965243484,9
-11.967601647600986, -11.248584141640325,2
-11.99563686553797, -21.517236016846013,3
-12.028993854590304, -14.185886399375377,2
-12.037015653821678, 2.3419452441152306,8
-12.044685414738463, 6.38266847953091,3
-12.07066463648137, 2.280021222112772,3
-12.108212426951294, 8.85917917001217,9
-12.127352453386994, -10.501756633070576,2
-12.200241562223912, -6.6163477952826755,2
-12.201853350094385, -5.974433306842176,2
-12.216997142567507, 13.227068228785987,5
-12.271887781756359, 5.254439760447998,5
-12.272590028012162, -11.283522652921148,2
-12.29595043033585, 3.6754477841849025,5
-12.299079252750428, 7.38061563365595,9
-12.337260289435925, -5.797090539923286,3
-12.354256365876413, 0.9207631950459869,2
-12.355046646714456, -3.604710989192292,2
-12.358243290933366, 20.10320382635298,0
-12.366536155371737, -1.5272754414462646,2
-12.396135813655508, -8.590929642986092,2
-12.417198956748132, 0.7946863803614476,9
-12.461338163044626, -5.138006083794992,2
-12.493531553138302, 4.092321744458096,8
-12.514982729381932, 11.082961802738414,9
-12.529105823825182, 7.072682462538426,5
-12.556468428911964, 6.134045172268914,5
-12.577890686051013, -11.87634658826648,2
-12.592224971206036, 18.62929247508514,5
-12.60689929151219, 8.238092627845628,9
-12.680226014582583, 10.82175046867404,2
-12.692050824384268, -18.401097196449424,7
-12.694692155443795, -16.017960762011448,7
-12.70556175814247, -5.4579572771421185,2
-12.770170485700598, 10.26370537802794,3
-12.8169837864969, 8.02691250183386,3
-12.832921793125234, 9.177289996025557,3
-12.83880406822562, 9.456283167161917,9
-12.851702288630339, -8.221017090010626,2
-12.879028993613304, -0.9560685393416565,9
-12.885134612285608, -8.24187246195597,2
-12.937686308401572, -11.098365737634218,2
-12.952617763431324, -2.8633474955009945,2
-12.960692364971164, 8.282031811500868,9
-12.982535951188565, -7.264181009464475,2
-12.99942455981822, -3.6174744333635216,2
-13.056545375244587, 12.898034693008759,5
-13.058302900818392, 6.921207110205234,9
-13.131088154466749, -5.997996838945222,2
-13.141611751688965, 13.577650343041663,5
-13.17018678887097, 13.605820786113602,5
-13.239898310120365, 10.225291654970256,9
-13.269734294159909, -5.2211458272339435,2
-13.282356690755352, -8.861147386051208,2
-13.30955548548736, 12.155659902487363,5
-13.311690757719068, -7.330765927875419,2
-13.315698639334455, -7.4287199190205655,2
-13.375006045782923, 9.993784040916749,9
-13.426782417040311, -5.296586869014008,2
-13.463383404240792, 11.424534185267133,5
-13.467146640472995, -9.544970448793473,2
-13.513263657753132, -27.494448046484948,3
-13.52402869374503, -9.031736041932925,3
-13.53632816543659, -9.744007566166552,2
-13.562032291827702, 8.265485792098222,3
-13.594589720907903, -9.861085625206758,2
-13.606254469433527, -5.1521255873367195,3
-13.630449067954501, 7.370622276619582,9
-13.636307058086846, -11.253544416838256,2
-13.645549290179424, 10.911886421699531,5
-13.670277094882824, 11.026441558722636,9
-13.674446044678811, 9.329872159422957,9
-13.681924600451428, 5.591532678100514,2
-13.711379975242988, -5.057899226217207,2
-13.749683429345028, 14.181322470366496,9
-13.771359203555406, 8.84640586859289,9
-13.78604845155138, 16.485212073349807,5
-13.786657063836063, 11.448619931811278,9
-13.830509251080127, 12.693740854015209,5
-13.83881751667105, -9.818523249740345,2
-13.843671803296594, -6.594627636022026,3
-13.897482531289048, 11.85455975861158,5
-13.914957510467987, 9.67999661808619,3
-13.925381678643909, 10.811265737103833,3
-13.933436646192638, -19.155656276027738,3
-13.938951738331586, 13.528171351814187,5
-13.941891193141918, 9.53975652682896,9
-13.947613562244952, 1.635268579666826,3
-13.994171628771813, 13.455812029905395,3
-13.998569298812559, 13.979503470697734,9
-14.022801825989475, -13.631208582455796,2
-14.048472761037445, 5.211255866312573,9
-14.087086302087219, 7.914448749364439,5
-14.101395390193039, -2.6069452136699294,2
-14.121400167318699, 11.24691300555014,9
-14.185289366260859, 4.547358159636086,3
-14.220942358950044, 5.802122739871202,3
-14.275645077078504, -5.139825253523079,2
-14.336281760634442, -23.071800244399878,3
-14.359210111262984, 11.30669380941644,5
-14.38312112078573, 6.484424050995157,3
-14.387800007979891, -9.69411771284754,2
-14.434580057408086, 8.558897865256597,9
-14.466211885825007, -2.7914145309582987,2
-14.51193329056223, 12.323863827133142,9
-14.534225367947375, 9.43262479193844,9
-14.558684973103185, -9.79386124315944,2
-14.579209889292413, 16.41529139348624,9
-14.602521271229376, -3.2545650534518993,3
-14.606628306572054, 13.344125187234013,9
-14.61099339583304, -2.6192902882351214,2
-14.622670365219374, 10.854149258865956,5
-14.629185220370186, 11.355883890344193,9
-14.63331234878027, -2.8062717442380127,2
-14.666633831874725, 17.849521520033253,5
-14.734764219176485, 12.654188872361138,9
-14.77991647811612, 10.936886143966607,9
-14.796539576582193, 13.823052125897128,9
-14.860484918430407, 12.205951462135486,5
-14.880142879573048, 14.459635849868631,5
-14.937832996423422, 5.3364247852557884,9
-15.04326068591391, -3.741699230246645,2
-15.065681841554163, 16.84625109688096,5
-15.087756596557492, -5.8989837442214235,2
-15.099265960425583, 7.956513096371097,3
-15.14265742415971, 6.686859413648946,9
-15.160610124983535, 8.47928614117235,2
-15.168582385130666, 1.680809183812012,2
-15.175836271831887, 3.435289041941586,3
-15.186492989937564, -3.068913241554233,2
-15.22285465680363, 1.133818329996975,5
-15.260422722982629, -6.464766768052552,2
-15.35496888650406, 13.88122889590468,9
-15.360772972873157, -11.000798272927627,2
-15.392337600208794, -12.412371586989886,2
-15.47890262519333, -16.059284999136818,3
-15.504659797361759, -7.960256280993577,2
-15.541716482430875, -7.825537181173932,2
-15.665610116792603, -1.23072964896292,3
-15.787144086701016, -6.111871234476525,2
-15.865652957710651, -1.4491030766427844,3
-15.870823704551233, 14.986520295196481,5
-15.906105331432526, 3.3324639499119395,3
-15.940644494051876, -11.071428652798252,2
-15.961300704002355, 3.8490479069904615,3
-15.983312492084373, -2.7315488245299635,3
-16.021058988761403, -6.286009098192637,2
-16.038921091465873, 13.869958575333344,9
-16.191287273702695, -0.5197897461666833,9
-16.198653283308705, 11.615047928796926,9
-16.30085444932252, -3.589473393417769,2
-16.316101830019957, -3.3659325085134006,3
-16.32100329626654, -7.036475128535617,3
-16.4335412142954, 12.220058961982991,9
-16.435857687041988, -12.43898847914735,2
-16.43777825542583, 11.55403099796936,9
-16.505397319336076, -25.259285451890374,3
-16.513936217224167, 15.51579544207637,9
-16.52884758340443, 11.985916074351552,9
-16.603948612010083, 16.671455692400198,9
-16.62864171462932, -6.696502088097247,3
-16.654895063676896, 7.941859655487912,9
-16.667619335707872, -11.012851640934187,2
-16.684096829720776, 14.038195835981435,5
-16.717958034202763, 4.562077185095761,9
-16.79558358607787, 12.317530254651572,9
-16.805775695205828, -2.496919404019652,3
-16.821390975803123, -7.663508004075403,2
-16.822066740686417, -8.985144272965705,3
-16.833701623248903, 12.766785466123933,5
-16.89380722094889, -11.10833450981344,2
-16.926073464982323, 12.731668134730976,9
-16.92859429030295, -8.002741064265308,3
-16.935095210213156, 12.657666495668638,9
-16.961335172389166, 6.479513195752962,3
-17.067337759987325, 10.177145701919397,9
-17.07245314041665, 12.494646821271667,3
-17.08723975913208, -9.14115664670521,2
-17.126213764138665, 0.7098518594080276,9
-17.156415588832356, 4.154844456793658,3
-17.219487385149712, 11.30335793271044,9
-17.348920604897824, 10.64812361639766,9
-17.37701147549214, 8.30680106497705,3
-17.40139608462977, -1.2157207664529215,9
-17.40818674695217, 12.168302637544468,3
-17.42594309305961, -1.7228688531704364,3
-17.57332127534951, -5.39884624102098,3
-17.648547362575428, 16.20394816922333,9
-17.65123579576155, -7.706486966803963,2
-17.702799517846252, 14.583551330289811,9
-17.70461112654961, 5.224431659636679,3
-17.734548331595388, 14.970395530240786,9
-17.75530992451041, -0.4109409361342022,2
-17.852608480851075, -9.13675394739483,3
-17.9057648125766, 5.678321429561466,3
-17.97201821900986, 7.82243805679849,3
-17.983540931419064, 11.47802107940618,9
-18.012812598249358, 13.724345132013664,9
-18.046778723046856, -13.389500136382859,2
-18.072519498309795, 15.331563222455747,9
-18.10183519614434, 10.849681872868992,9
-18.117803686628427, -2.924916581222765,3
-18.14792822374361, 12.076998147495326,9
-18.2979214038651, 14.034169223234557,9
-18.30484767575115, -9.526071638514546,3
-18.313229264031463, 10.680459244478408,9
-18.388910278364634, 3.108739818677955,3
-18.42439570017279, 11.801832596127829,9
-18.429516770318468, 11.876407873125798,9
-18.438687696852128, 16.364799925322643,9
-18.47124663849477, -8.396559453048473,2
-18.5793184230724, 1.0206849526753048,3
-18.632055490564603, 7.688308325855959,9
-18.632623145048335, 7.778089907653328,3
-18.6812616141219, -3.664299670679484,3
-18.68602711069782, -1.5496544077893544,3
-18.82968804415538, -11.241995906129626,2
-18.876510726566877, -9.166460867472107,2
-18.877437204483783, 7.513935943595705,9
-18.945982006218518, 12.721259826966179,9
-18.96831988535129, -9.235873711349637,2
-19.081847303521766, 13.215392812533493,9
-19.138395570761652, 10.210063037433232,9
-19.143511039864737, -2.1901594931301114,3
-19.144975234680697, -0.7605930308715658,2
-19.14864946189751, 12.687315338253567,9
-19.175762081198673, -0.8971509370480718,3
-19.18977862064629, -4.515537190834229,3
-19.22903151962306, 6.4320288777165,3
-19.232585659228118, 5.131406820913793,9
-19.25872586046558, 9.030458816188606,3
-19.347271420712243, 13.021543478009713,9
-19.393360899725273, 9.69961046469013,9
-19.40044612500267, 13.316182072418835,9
-19.40662878525116, -8.135237705661774,3
-19.41866923146248, 7.935602852866804,3
-19.443675676385656, 11.245684186443535,9
-19.445882004855374, 12.570325372155706,9
-19.45802681512618, 4.316003181745799,3
-19.473197845627457, 3.344029917853885,3
-19.496369312374224, 12.570267713402364,9
-19.501842583907955, 13.921472222255852,9
-19.5228053166377, 9.336891236988153,9
-19.54570478225437, 10.886695447560324,9
-19.610646592070523, 10.279028472775364,3
-19.63267673797255, -11.996244703432815,3
-19.649402885305424, 8.100011560060674,3
-19.65468095897683, 13.870228823175584,9
-19.679596839492827, -0.10926434851836656,3
-19.764849045404556, -7.331071282111804,2
-19.837536180872018, -7.853122426734412,3
-19.84272323437356, -8.780033799424825,3
-19.87005273154157, -11.638704672081623,2
-2.0042173003356845, -10.532678199332874,2
-2.0924894076707954, -20.900113973743302,7
-2.1112327068578454, -12.943566361979533,5
-2.181315268505207, -14.92497358589172,7
-2.191012981528656, -13.934990270598988,5
-2.2043056876764515, -5.8530224139195335,1
-2.2148929630451697, -13.303961199962131,7
-2.228877319573007, -19.540604131231433,7
-2.2305199525940917, -2.515586730016553,1
-2.240321114101837, -18.722693185927678,7
-2.289086168616963, 2.417982540750506,9
-2.293671220514345, -13.506463333847604,8
-2.2974635064089193, 9.16469055639401,8
-2.3131817368048835, -19.237702855564986,7
-2.3137881246946446, -3.411841328255312,1
-2.342496611965085, -16.21385144678984,7
-2.353472691629304, -11.734060220568264,7
-2.387479253123498, -19.87770552178824,7
-2.4141937383906864, -4.851666127300297,2
-2.459890863480625, -16.00115086913009,7
-2.4800077814392014, -9.616131220069057,5
-2.481185507354151, 22.91519673944405,0
-2.481527455428212, 21.233823336362885,0
-2.509391033633216, 24.687392832621192,0
-2.5136703132142317, -20.443101817915746,1
-2.5235882680135506, -2.3564930304293874,1
-2.5291191221472533, -4.043930755033775,8
-2.5643566278788916, -17.73646162353364,7
-2.593104200138395, 7.193725471166939,1
-2.60004037996177, 7.387075101382881,0
-2.6193034598748155, -2.630901600195543,5
-2.651169307460994, -1.7740329456350232,8
-2.6640216419727074, 22.564553594972224,0
-2.6645787010203676, -16.996980104515874,7
-2.6797630326864392, 4.838228452912598,8
-2.712291507557748, -6.866314315388417,2
-2.765134611865092, 28.985459985147425,0
-2.7798594086919226, -17.48462710507798,7
-2.834993600145936, 23.971417915356973,0
-2.845155106522464, -14.28964241698768,8
-2.8677292580409204, 22.759847153278873,0
-2.8875821967722057, -21.29905143064383,7
-2.943699235036059, 24.661556059579553,0
-2.9526066026938627, -21.07166237913585,7
-2.9635017357445204, -17.468220544510366,7
-2.9827516628796458, 0.17915720157436477,1
-2.9924719633966257, -13.492459115934118,5
-20.005511010750904, 10.245274754133838,9
-20.053046014027625, 6.602359663350119,3
-20.079900257226186, 4.541709755477896,3
-20.1040770718361, 9.392459961489259,9
-20.105947250538783, 13.928129758117299,9
-20.158719593743182, 13.425149322900758,9
-20.175480703528777, 12.002430009901936,9
-20.21181737362067, 6.103367630470299,3
-20.242240378145016, -5.357028696521586,3
-20.433156750368745, -1.7086915345753544,3
-20.44570642654408, -6.70455938806484,3
-20.46807620607315, -0.5815492832328466,3
-20.48907342327582, 0.2273314863864644,3
-20.506739467203303, 3.26052431188549,3
-20.542047131280675, 0.04206759319341172,3
-20.58836090410928, 13.896081513113911,9
-20.60281798272824, 11.81611014259369,9
-20.60602999953886, -14.859451825073132,3
-20.619033965245606, -5.402167707315885,3
-20.665730887848433, 6.6171063264035865,3
-20.69490026136598, 11.771691236797547,9
-20.74385699983269, 12.822923265050697,9
-20.74920432424971, -1.9286100255909722,3
-20.81630469025999, 12.347139928582157,9
-20.85199892431377, 3.0781627192577545,3
-20.861116501010624, 12.020266426221063,9
-20.919599774944576, 2.1806420176669072,3
-21.044797536101708, 10.018585921235701,9
-21.080186584211933, -1.6311321918109798,3
-21.1035593642346, 10.883841694230115,9
-21.184998566692133, 10.509433185165944,9
-21.220123085985556, 14.260818976223177,9
-21.228273589018666, 6.156920016321914,3
-21.280003781957504, 4.75789234062538,3
-21.29147316638798, 1.7548677578336689,3
-21.333355120781654, 6.34977150811925,3
-21.33345445825656, 11.624883732842537,9
-21.38839080233474, 7.3991754859521315,3
-21.409405432123865, -0.4697289362763281,3
-21.45409417765932, 10.385217740503418,9
-21.45586412540676, 3.319148684294117,3
-21.47134987055161, 1.2281392714371857,3
-21.543420704785934, -8.631611850022416,3
-21.56137663388282, -8.819550440256128,3
-21.633555483053257, 8.552823876492296,3
-21.67465773450962, 7.92348450383664,9
-21.717041342048027, 0.5340347729013438,3
-21.72797102420159, 13.248455954819327,9
-21.80270354556968, 8.929590899198484,9
-21.811142809378506, -8.94589110136852,3
-21.87708951661808, 2.2774437970325234,3
-21.905319212586477, -10.790406665525243,2
-21.915915615071622, -0.09510462921740018,3
-21.99508624391961, -0.2124172059606193,3
-22.02418649660733, 0.995425822676063,3
-22.155165525941708, 12.47057600407771,9
-22.167318144619806, 10.811343855770303,9
-22.16736616801197, 1.7336296472374533,3
-22.318219458796484, 10.98520438068133,9
-22.366277723023185, 3.8723010012767882,3
-22.379010263109137, 13.235845645927897,9
-22.503718748498894, 0.8222565745108034,3
-22.603546635719958, 9.349250144388472,3
-22.661382029720347, -9.373795911946285,3
-22.68682647582344, 14.439855276167222,9
-22.85510828415925, 13.274999088162193,9
-22.955508146400135, 10.75036499491208,9
-22.983244063431894, -1.3505333590018207,3
-23.02914987989225, -2.410266878456331,3
-23.124089196011912, 12.816621445931947,9
-23.135770848834543, 5.4407172219553885,3
-23.191689514753985, 0.9480840675562662,3
-23.220131637689235, 5.122096496432989,3
-23.249444269767213, -6.5313114140806015,3
-23.255618474553454, -1.906754896773684,3
-23.28038119299202, -12.887461045802294,3
-23.353098445734197, 13.525170937463985,9
-23.377713398730002, -4.103282026406001,3
-23.394707724454864, 5.3533937946943,3
-23.41040112382206, -2.7710004832485278,3
-23.42210171099061, 8.731555921823018,9
-23.56550670473052, 3.6212544740620216,3
-23.651376010087535, -10.915836135839047,3
-23.67147276258324, 3.3519046195688684,3
-23.694149991824034, -1.8253704418211585,3
-23.846687459649726, -5.613075349011558,3
-23.892068765277337, 0.5928267604419353,3
-24.096078071892425, -1.8128530115684733,3
-24.176905422027016, 2.586144318826609,3
-24.27846895080014, 6.209952137145963,3
-24.311255816133755, 10.633799535117799,9
-24.33857047132922, 6.375571469492045,3
-24.38395053423947, 6.563435624602128,3
-24.544197367163452, 13.509773394432894,9
-24.583836221261418, 3.214213253536045,3
-24.68563363827156, -5.215515960482514,3
-24.802725678312843, 4.767673763968421,3
-24.92831384651823, 11.082159833962368,9
-24.9472960204279, 13.182690114446222,9
-25.108025552700713, 2.1927415464993705,3
-25.222139691320432, -2.7254370311555345,3
-25.342351203589793, 1.863265948290454,3
-25.423755267998363, 0.5508605090014503,3
-25.499842890004885, 9.137425515473714,3
-25.85081998092991, 5.907632604703569,3
-25.854343500313377, 10.81094298299308,3
-26.06990412406956, 3.508913632333238,3
-26.15002906520482, 6.178781886036343,3
-26.39586593798938, 1.3856227199251459,3
-26.494876759249177, 12.185230071107563,3
-26.625768477363753, 4.971979709553808,3
-26.95498382635061, 0.8162820160421889,3
-27.079436644536777, 6.01539722788691,3
-27.482941010861143, 4.68248294109899,3
-27.875347878019003, 5.618273510561086,3
-27.87607170056069, 4.252567407472589,3
-28.365274828421686, 12.041104882416603,3
-28.391558602279865, 6.5090532342633125,3
-28.403217021089983, 3.1783022936958476,3
-28.83329900124231, 4.4057918020665445,3
-28.85817948247605, 7.5087285977238265,3
-3.028276787500165, -14.764672672189043,7
-3.0298837529502594, -14.836628356839642,7
-3.035676032381822, -21.768400018367085,7
-3.1094181960633147, -13.925372162989962,7
-3.1183813504720646, -3.8172793381695516,2
-3.118783226442685, -0.8298397371560745,1
-3.1230608900465824, -23.706713730141892,7
-3.136358373944961, -19.945609076243716,5
-3.1388015985569218, -17.060257176048854,7
-3.160573273883648, 18.97042033394953,0
-3.163219505933919, -10.301328209864742,8
-3.1673172666758074, -1.967225538558538,2
-3.1855746145754713, -9.59016840144331,5
-3.1868624995840817, -16.20147006254583,5
-3.19512390579095, -13.079166037138576,3
-3.2273054269727046, -11.3460009317188,9
-3.2346110517543356, -14.721351891880163,7
-3.238282060050542, -16.090283165398965,8
-3.2391469622260636, 3.486245478468042,8
-3.2404489846520774, -8.897498243921525,2
-3.241128344029737, -0.14993540910289263,2
-3.261339627909955, 19.707256264211416,0
-3.309132579489068, 22.170133779466777,0
-3.3199866875722845, -3.674174103045227,5
-3.362227909306025, 19.44976304148117,0
-3.3638148648999, -9.6699110993901,5
-3.3919622230945663, 1.7823349585578174,8
-3.422522268244535, -8.750674480556482,8
-3.429462117106808, 22.843587049229466,0
-3.4468840493879513, 17.156139730167663,0
-3.4509591770169044, -11.67931916792492,8
-3.454738131978973, 0.5000149669642986,5
-3.5227512870466797, 24.00535752927506,0
-3.564097941779746, -18.92043441416702,7
-3.5929224405759808, -9.024291267343903,5
-3.625461280477444, -2.5337790955588253,8
-3.639204510767376, 24.945105868923804,0
-3.6455058161698846, 6.841437747849302,5
-3.6522168096896936, -14.980892510581102,8
-3.6533682456097387, 19.198797118766585,0
-3.6848856469240454, 0.10035826625106137,8
-3.688022156493348, 5.371968189491961,5
-3.715373938003916, -17.091848215140413,5
-3.7303101287098452, -2.3269287289994494,2
-3.764669104517254, -8.223713959486137,8
-3.79288540263979, -21.451696966208317,3
-3.7941364929603716, -3.838827852097643,2
-3.7965099937330975, 20.321105584037827,0
-3.8072114948365705, -19.754610419354393,7
-3.814531048158803, 11.776092407121531,0
-3.816209272157698, -19.82452501902811,5
-3.8268188363469986, -2.179450791245072,8
-3.835410451894024, -6.489420601806063,8
-3.8426906685465156, 11.017138694606258,5
-3.9070425493138914, 3.828914840150978,1
-3.9270049273231775, -10.723357166075981,5
-3.932844941253985, -1.429571814968949,1
-3.937170361286838, 2.857420974789792,2
-3.97245417951585, 14.02701830239696,5
-30.255839153616055, 0.14910820517448495,3
-31.169904015244718, 8.264709868631249,3
-4.032782784805159, 6.2050482745517925,5
-4.061179946877164, 8.39925632436648,9
-4.080118447238913, 4.617414942823649,8
-4.08932135906864, 26.52015493575959,0
-4.092102687348914, 6.485576981946348,5
-4.094115338759129, -2.7638349455924565,2
-4.110607263155315, 0.8014992334634321,9
-4.140715807519918, 23.00959457647412,0
-4.191919518787637, -12.91140444188782,8
-4.225834477169883, -17.726467050672863,7
-4.254120367693632, -14.607063423936639,5
-4.264139100565665, -2.705288201857383,2
-4.274057727359516, -12.11779473152349,2
-4.307730899564525, -17.065975518677085,9
-4.313771612602413, -20.186236735756058,7
-4.322451324771356, -19.020570760271653,7
-4.342968443437689, -7.003284568624028,8
-4.345158031963145, -17.564692059305067,5
-4.353579020299888, -16.59849283100746,7
-4.381189469864756, -7.941971695087937,8
-4.388879105767798, -10.773908476972911,8
-4.437595000975989, 22.739004695174312,0
-4.474594600861922, -21.521240937568628,5
-4.513101356592974, -15.9425511962938,7
-4.517078741634397, -0.5764499410028587,8
-4.522421232214176, -6.712277178312198,2
-4.557977395071807, -13.06793394924922,8
-4.593432766090558, 22.960909906769135,0
-4.611775812705234, -11.188429473257735,7
-4.616027431086043, -18.496831096953535,7
-4.617950641275654, -10.56444379200456,5
-4.633900454726837, -20.408694828831816,7
-4.734688257156903, -4.673978128570577,3
-4.737475316056371, 3.015704678007291,2
-4.804952595915678, 4.5207137158400155,8
-4.829475570786467, 1.5331169984938562,8
-4.872099903748489, 12.42395536909768,9
-4.904156265556704, -1.3854788045448094,1
-4.929899738836466, 1.7271447148780996,8
-4.943500627144489, -6.348849849794775,2
-4.946480959992064, -15.447535784121781,3
-4.959977849306804, 5.035723758915653,5
-4.963266581254061, -15.269584831413724,7
-4.9732044303124345, 29.185907689545036,0
-4.984617342931162, -4.535664309745628,2
-4.988175443173415, -5.277128020272292,2
-5.020241280513077, -3.5982918377392727,5
-5.026170584796107, -2.0666266260350095,5
-5.083442978523345, -3.4937313712972857,1
-5.092036646280388, 27.37714139980237,0
-5.09215050358617, -0.9687017809355831,8
-5.126479489041772, 10.347593449492054,1
-5.140186991262274, 21.25319118740385,0
-5.143630808449371, -7.464010726680664,2
-5.155778446042949, -3.666624184166859,3
-5.160621849127366, -9.98080410506341,8
-5.19574537852397, 2.4927232646503676,1
-5.235506302327561, -0.7839907861499844,8
-5.24586009807515, -18.700579038040413,7
-5.248746166167278, -17.636538495521133,8
-5.252830577197119, -19.55212105712234,7
-5.255134279561154, 1.1833598460177244,8
-5.258593625242557, 14.2200723886976,1
-5.264095253761415, -9.30008805036726,2
-5.279175123414064, 25.002061929979774,0
-5.281875596808777, -14.130112554541626,7
-5.296888293140974, 11.869750533891835,5
-5.302317106891046, 28.620926937743096,0
-5.327302610028491, 6.144280476939162,5
-5.359999822923731, -18.292156306680827,7
-5.389718980845766, 2.004683251332068,3
-5.4015867755796325, -12.561867215534933,2
-5.404004928128, 26.155446556970368,0
-5.480198618977361, 8.07632538920218,9
-5.4826419680319995, -20.931114923551295,7
-5.494206508702564, -1.860306849626154,8
-5.502896759821465, 2.772706828991586,5
-5.529749512119002, 4.6888847868114585,1
-5.55063487818737, -15.176880855192994,7
-5.560024566800623, 3.3104046979943362,8
-5.57515200143342, 11.014813229073551,5
-5.583920861608505, -9.900935387355574,2
-5.7036597092801875, -22.353105219200376,7
-5.710913222162986, 8.7305625365972,5
-5.714448122791684, -0.9391808500786382,8
-5.738807275211661, 24.32479121319464,0
-5.744003983238894, -16.638529869152176,7
-5.758096748762076, 1.4352493589998787,8
-5.764374665915555, -1.1320022598178905,9
-5.785305862700318, 0.20294724824285823,5
-5.834972029593467, -18.471900787311245,7
-5.889376717067681, 3.2312541868105713,2
-5.899131862888286, 1.2193573774914317,8
-5.910491842071503, -16.71309042455969,7
-5.925324046270942, 8.747884056742688,8
-5.994875385499489, -5.44879764439003,8
-6.0150444158699585, -17.385108365460237,5
-6.025209494513361, -20.007583137081628,7
-6.030020914783164, -11.217757295431142,5
-6.0308191706174, -2.8786636620034347,2
-6.050358138197423, -9.694126534312378,2
-6.062879265124415, 2.4267762745310324,1
-6.06659406481224, -5.919950496266522,2
-6.084883957412238, -4.369963649351614,5
-6.09110249236331, -4.81858931368234,9
-6.117850486114749, -6.860556887595948,8
-6.125009582085704, -5.60385378119282,2
-6.150655370923267, -5.705776646316115,5
-6.211506590868559, -17.50782555087346,5
-6.228906477054845, 7.739730640727046,5
-6.239573459402732, 23.16427218966443,0
-6.287022464562918, -5.748772239251001,2
-6.32734335060698, -19.130614094602855,7
-6.376994054715655, -22.217088999688784,7
-6.401792498955325, 11.722120597735586,5
-6.4218439046182425, -3.773583447622785,8
-6.427620315825031, 4.911539986364697,8
-6.436955185578055, 22.79071476227017,0
-6.458163055550293, 2.1808154668806736,3
-6.4691440263794115, 18.303788471048012,0
-6.497904658623132, -1.7228270401065804,8
-6.508728388948542, -4.130002841817289,2
-6.508920705563983, -4.701788765800124,2
-6.515109587967709, -1.1257758107037843,2
-6.536490359818296, 12.620570666002404,9
-6.582566335737835, 4.8725294395130305,5
-6.596956608688339, 10.800517115105684,9
-6.609354533033399, 26.982149679801648,0
-6.651814995356544, -1.00244245680821,5
-6.657830072423193, -18.24170491609201,7
-6.67293858925897, 1.7017174084780033,8
-6.690820802940457, -16.43890254853906,8
-6.765359351944894, -11.74964840905159,8
-6.802489311964509, 10.705415345265815,1
-6.827539176607791, -22.781971616810903,7
-6.838083487320655, -3.523867707313452,8
-6.848573721541193, -11.773850255716084,2
-6.873207467183744, 8.282635742100663,8
-6.918907799297395, -13.62920006654326,9
-6.993552881354115, 19.81778939239637,0
-7.016318713256736, 2.6232278507195566,8
-7.031388916458195, -18.983470569432196,7
-7.034023631504617, 1.1465379650805376,8
-7.040396752181614, 12.800602788468753,5
-7.048851056326016, -3.149488404719416,5
-7.0534420522108405, 1.097331973528117,2
-7.055191616868928, 11.35865280422633,2
-7.067374476023794, -2.694548578755382,2
-7.073422452351175, -17.963200141685107,4
-7.079711544526097, 1.421032992256612,5
-7.086084995647629, 2.5751952808112715,8
-7.09006365735191, -16.889075733583333,7
-7.091917911949594, 0.16961692494907404,8
-7.153664521421929, -1.892803176550682,2
-7.19245944944874, 23.95415022758277,0
-7.196982988426268, 3.9042351517280762,8
-7.210671676976325, -18.74286685799932,7
-7.220510869300728, -22.22951021309512,7
-7.234809951611002, -6.070594264058568,9
-7.24854563917165, -18.93631331003946,9
-7.3011185094222375, 19.959337219491218,0
-7.339393932589108, 10.462327273121618,1
-7.345476606351059, 6.206335152195583,1
-7.391740014718983, -6.963332687546158,2
-7.399616983699592, -20.60732081969656,7
-7.412574099018275, -5.106364692847828,2
-7.420789613168403, -18.120510771674013,7
-7.422845457806615, -8.842306062901093,2
-7.499348159902989, 5.1513295667808325,5
-7.518987395473423, -21.25467848666069,7
-7.52238234649879, -20.73371859144288,3
-7.611513303900259, 4.40859510955276,1
-7.621730252993971, 10.502679285909224,1
-7.6434073830418345, -8.76066488919554,2
-7.643788071786163, -11.210668841837254,2
-7.711834938650505, -19.18783790067674,9
-7.724721983127947, 14.104942072829042,1
-7.7405774911913, -19.549720977014115,7
-7.745797262714901, 4.829806148584724,9
-7.765942641651466, -13.975306715931229,4
-7.812668609870658, -21.753666965403806,5
-7.813060561389145, 7.408438852113536,8
-7.840268141395383, -20.161965961662357,7
-7.8610078475691685, -12.760313534282751,8
-7.86469124305686, -1.2976709600963072,5
-7.86684785596946, -7.597503508985264,2
-7.889899799749144, -13.30866456029129,9
-7.893972980924608, 0.9697207960066484,1
-7.906555877412934, 14.159897203413877,3
-7.922649957537463, -0.14246877101736488,9
-7.94078727716973, -8.732793025019278,9
-7.940903444106767, -2.253705756956137,8
-7.951006815388665, 9.951122170854642,9
-7.951653471983236, -17.07107240059551,7
-7.954950695582052, -10.934597484503895,2
-7.968524584985091, 13.54714627174593,5
-7.993879469937622, -15.346801181656529,3
-7.99530913445784, -0.22705451390457704,8
-8.068936386763056, 12.226410863705084,5
-8.076769937281176, -21.42453537140415,7
-8.088838781447137, -8.811956410199045,2
-8.132996418166632, 4.391088417555788,8
-8.153811688846533, -18.07442929597671,7
-8.18921315384385, -3.0034703327103927,2
-8.231508690773293, -13.919718393731648,3
-8.24563842480738, 4.5151033958327,3
-8.307286721008463, 0.7093629598488621,8
-8.376873998356642, 6.198551415887585,9
-8.377338265498597, -20.506477468958806,7
-8.393397930161631, 12.767493341584748,5
-8.406587969354264, 7.44348854170015,5
-8.442298057954249, -7.6196115761351075,2
-8.448562723913803, 0.6648563328048334,8
-8.508921968681395, -5.280652054508465,8
-8.546194357589608, 14.43786234883527,5
-8.546369360289118, 0.14082858344920954,2
-8.556445787726917, 4.91053117341507,9
-8.573633826593289, -0.2602687816578116,1
-8.580349870753839, 15.238547245192622,5
-8.63190666469869, 18.054748384842572,0
-8.671726233079845, -7.679676070831225,2
-8.672606282148, 14.061206305047802,9
-8.677347024562762, 4.609374097122558,5
-8.687127935225783, -5.336474541719065,9
-8.71810444498222, 19.221149095303776,0
-8.743575523238704, 6.152350134593522,8
-8.852996580401799, -17.23289425867894,7
-8.872218540356132, -17.09059183803571,7
-8.880075051647067, -16.22810612039426,8
-8.883616580790138, -11.842594381154417,3
-8.885188404874361, -1.00916922548913,2
-8.890811583793402, 14.895738160112534,9
-8.892823271462676, 1.5682826101934497,5
-8.953979575471747, 5.007213040690025,8
-8.971380863720862, 12.688569888836842,9
-8.98088853895054, -12.277025041362528,2
-9.011756040157753, -8.393191011580159,2
-9.106999831526652, 0.9737968172770622,8
-9.116975956569531, -13.020166971694152,7
-9.124145574471276, -3.9587546665644044,2
-9.154822542371573, -0.3982520707509505,2
-9.158408769779296, -9.145914652634055,2
-9.182533855927712, -15.876182248476507,7
-9.192675117580938, 11.31311925969271,9
-9.23019696079759, -10.306784326454377,5
-9.297902572966493, 13.63288104912095,3
-9.299932408675721, -15.06026476787348,5
-9.376837883963441, 1.2170613480533246,3
-9.383206903471715, -6.7221808972484105,2
-9.445689853891254, 3.4727426869765945,5
-9.450645628765258, -17.403631934141774,8
-9.518630075689833, -8.611977654516123,2
-9.526220707476082, 0.8759654181392259,8
-9.572077938782854, 16.109875868646462,5
-9.578714178078481, -9.773435995229779,2
-9.664771788435734, -0.1684421725751602,3
-9.666003054068371, 10.366222989079303,9
-9.727270690255622, -12.541271615381858,2
-9.733889023820804, -3.091240046553629,2
-9.760405549481394, 1.3671312153342114,2
-9.76941125430204, -4.824898451254997,2
-9.860574738993014, -4.8807987359915606,2
-9.996502961389371, 14.464174930291799,5
0.014928727702675922, -17.88447625227721,7
0.018643328777148818, 23.560885251852607,0
0.02586352500011614, -10.337035275120355,1
0.02742283959202893, -15.413954478214334,7
0.030600641929873634, -8.904061638339128,8
0.049904289379890866, -18.768924949650767,8
0.0887346615685739, 27.07831211702115,0
0.12421134949181187, -20.339053409588242,1
0.12649560735250417, -20.005065195092957,7
0.12978541880849406, 21.946624172942947,0
0.13467055357642557, -18.647259483036102,8
0.13680181983094786, -1.0727043125187494,8
0.13817809665649458, 25.084930104992356,0
0.14635916437076588, -15.997467773849293,7
0.15382255993167895, 7.706173252021164,8
0.17640628088714957, -17.894925300182646,7
0.19165797818551988, -15.57450186714729,1
0.19232064234658008, -12.032704489185424,8
0.2075781085066118, 22.184874704182175,0
0.23756197812032637, -4.679720085854988,2
0.24092795612094253, 26.593012836799318,0
0.29033292197424954, -15.946153076303723,7
0.2994538288212923, 20.044977820821273,0
0.30471026937221146, -0.5014216053732236,8
0.3265319369287423, -5.745000827758396,8
0.336698757161653, -13.093893175714335,7
0.3497114021049135, -8.656997037008422,8
0.39811630080462707, -13.463716799284777,9
0.4016568254812954, 22.6874726215904,0
0.43016172224743027, -9.296045780477659,1
0.4365497205097293, 13.799035648540825,0
0.437908377041725, 5.28383068419291,8
0.44473953185232906, -7.381746992980781,8
0.4983723932951984, -9.889738012764955,5
0.5117476323386394, -15.777882699514086,9
0.5191424190137945, 3.3239610498390197,9
0.5222994055991159, 16.5695685319436,0
0.5224920333129975, 17.995229951031757,0
0.5602895427868418, -14.026618192206708,7
0.5618612455072621, -17.039990745335302,7
0.5666651224813696, -24.20569509966939,1
0.6017292653278656, -9.411151074203342,8
0.6090200552397993, 22.329558829074898,0
0.6473932608188038, 20.823330668823658,0
0.6597207696959473, -26.310286446949977,1
0.6782109926204343, 24.467400333109335,0
0.680391758446249, -15.003680933785047,7
0.6945417855290278, -7.606226042967221,5
0.7731885876776141, -22.194302324121168,7
0.7786534221241339, -2.6846850379202483,5
0.798824463449349, -17.359179796290352,7
0.81011828426149, -0.9831377580034735,9
0.8370410613025485, -21.50638666393809,1
0.8559484032809896, -7.073052959533773,5
0.8968016100163613, -11.685148722798663,9
0.9626820104958709, -14.203650621953463,7
0.9756545861331973, 5.016531080860289,8
0.9809693663147531, -11.113063582878922,5
0.9825040371840581, -6.804781616767862,2
0.9894587894453941, -4.460120066359818,9
1.0021583325460028, -17.33419720328692,8
1.0062357167624236, 21.12479556306569,0
1.026217163984808, 18.433834719210076,0
1.0422070382833, 2.5566426991273197,9
1.0436632163189676, -4.34984126233367,8
1.0524915182063506, -1.178561991650978,8
1.069173668355292, -17.769301076241828,7
1.0696350867881141, -17.975348044167397,7
1.0761643817882678, -10.677797314739616,1
1.1144287318105086, 21.335657012640972,0
1.1227201362247707, 1.2824508539871233,5
1.1310848708049046, -23.618720926857144,7
1.189408064861792, 20.31344854460589,0
1.211456328902612, -5.260106504522027,8
1.2502792616414775, -22.275449084314676,1
1.2611503462056988, -7.669233091936369,5
1.2833162261762292, 3.2044173302403203,5
1.2926730877202441, -14.239011862982677,7
1.3173385701686922, -5.846144262485849,1
1.3296892806100242, 4.0549889491381235,5
1.3372845864687133, -19.623355228094894,7
1.3408653906647017, -1.456896329643029,8
1.3544109961494932, -13.720554421591896,7
1.3570494082533968, -7.545321450696394,8
1.3887341423044772, -2.259017997768774,5
1.396676224993316, 28.033119630253786,0
1.409082026753023, -11.217014727777212,1
1.412946612211269, -19.97113906118225,1
1.439819225589818, -5.461809170921002,1
1.4572942904071107, -15.78704595927382,7
1.4936803946009025, 1.395477588172084,2
1.5099940184521994, -7.786781451780831,1
1.5303686961995826, -3.9164995559419027,8
1.541224054938735, 0.4563796871772644,5
1.544865931348021, -14.144621506859833,7
1.5601518155878613, -15.375630437681588,5
1.5771018654124966, 11.487580232258189,5
1.6163137382726038, 3.6133481002331327,9
1.6177905266164632, -6.445078011261828,1
1.6440038083332547, -10.738078198090443,1
1.6688965100582889, -12.001261269071982,5
1.672715489975162, -13.345560667457928,8
1.672885779197311, -9.991357453646671,8
1.6868666287494034, -10.390238594771091,7
1.7155063712556466, -8.332534900030769,7
1.7171251712850324, 18.90428796153225,0
1.7290621257091867, -12.899585637759179,5
1.7399306604073494, 7.267280505730756,9
1.7436603523307956, -12.013779258888535,5
1.750155346882614, -9.222310471730186,8
1.7710574800838872, -10.770882574759234,8
1.7911034621659352, 2.965319195256706,8
1.8025361409044858, 17.804058335314362,0
1.8138742745416534, 16.888433193632363,0
1.8903501830394451, -16.65145653349715,7
1.8984773188023785, -18.376121057230055,1
1.940981852095708, -4.446143919542454,8
1.975888777247114, 1.709220353746449,1
1.9832114783697403, 20.726374206889606,0
1.990573278791847, -9.499196134677419,5
10.002825874301184, -17.35227411117224,1
10.030237637309991, 11.123883727834635,6
10.041812855060098, 17.004884172717713,0
10.127256935737025, -9.451701910072735,8
10.129733867360297, -20.736819041066084,1
10.230650260283186, -18.493264401011576,1
10.24928406191811, -22.210393980738992,1
10.276532821002998, -23.554501248920214,1
10.29799877131121, -26.089219737357343,1
10.310686070643916, -16.026041236165057,1
10.317477335639085, 3.0590005304530434,9
10.317810780143976, -8.0014056125691,8
10.32277619340686, 13.990160001787766,0
10.328373327764353, 20.233655483880494,0
10.329915932133096, 15.977350508777944,6
10.334026770605092, -25.29800179168364,1
10.372963932947046, -19.541106591531904,1
10.419132136358593, -22.697438579563855,1
10.420085506084806, 14.491706583570478,6
10.424772306889764, -6.834302998555261,8
10.486447023979691, -3.5337904835032483,5
10.50404141683698, -14.139548322036326,1
10.537973014887633, 24.776343171013867,6
10.611388844355758, 19.71387202544433,0
10.622580046994031, 20.209833328533076,6
10.636219291978362, 16.59647781619857,6
10.660775772030556, 21.459929675656447,0
10.694648903991865, -20.307624208866333,1
10.710405995293353, -9.208361481605483,2
10.738372128086764, -22.23580378256306,1
10.774543709593889, -22.538225303278228,1
10.782121083378694, 16.172703193312614,0
10.783307818041278, -21.905776480907086,1
10.80128356848367, -6.9602527268175365,8
10.840980537053415, 2.773235269085998,6
10.848063915122165, -21.259209604669323,1
10.907997600591234, -9.195754096790068,1
10.927026175224679, -23.10191623603018,1
10.994861630839598, 8.737050054216656,6
11.009674431597091, -12.803128840346545,1
11.014501252849149, -15.774927504262639,7
11.08245408158944, 17.440851468833333,6
11.1217194992254, 19.37999592696832,6
11.158537338740006, 7.333530994624211,6
11.166337769240057, -17.885282364916158,1
11.167003910840398, 18.489996603580433,6
11.187548022378078, 20.785740152769176,0
11.215079582783638, 16.9198631758862,0
11.25062339590824, 17.273337243821253,6
11.263759876347809, 19.74791834538511,6
11.314744204021508, 20.63747304959559,0
11.391302416161901, -20.409974057436514,1
11.429253742347957, 7.6564958939032355,6
11.512807245862255, 1.8433295728730463,5
11.640585535629024, -21.64856794594023,1
11.6524044329028, 13.1326390884305,0
11.680322953163088, -10.294421008331526,1
11.702694367581554, 18.569444720064745,6
11.775333843683082, 1.8104357347862352,6
11.841131514427886, -7.642670971360861,4
11.855738248088434, 18.11520859985766,6
11.960665477615041, -2.816141979443062,1
11.98511135964923, 8.990062686009898,6
12.102826507039651, -1.1026613837648607,1
12.400140580160215, -9.466059859828306,1
12.409861153209647, -6.248278757002613,4
12.41567572775741, -19.3610865979882,1
12.427988266343897, -7.512133575642118,5
12.480026272938215, 16.084390848903727,6
12.529072269642743, 17.74789032384289,6
12.558689135806603, -20.23729167322638,1
12.558760580299332, -13.144059001894114,1
12.570166015150965, -22.273611993932214,1
12.621626094622108, 14.614154852697887,6
12.662282394248379, -12.083169873656848,1
12.668019408939056, -18.979021124209105,7
12.698177584857499, -8.231954572068242,7
12.772940866012602, 15.168500274791795,6
12.781670727247125, 13.25777999678274,6
12.785958245735841, 16.63534385157659,6
12.80323502483707, -11.286824642064785,1
12.961411739495809, 8.218191475045048,6
13.096384584733395, 17.262089175762355,6
13.097731841853982, 11.172221102417698,6
13.13569919322887, 21.842967807753883,6
13.169635011076384, -19.229733040189817,1
13.17592895625957, 15.770325618394171,6
13.2412800349088, 15.12419097199812,6
13.278586741089683, 17.026455602744466,6
13.431460388852829, -18.019032872841013,1
13.482668945151781, -3.436423985654225,1
13.507914469246376, 12.774965212567706,6
13.585229387518519, 10.93120493166064,6
13.61576214637002, -3.8883789848474533,4
13.626542558736462, 12.120111756811461,6
13.676393716467295, 6.693527933084693,4
13.694095690770222, 11.254737024068433,6
13.701164859318682, -16.001377496885553,1
13.79338354611168, 14.098322926853434,6
13.811295884503954, -11.331203948435414,4
13.841670887960074, -18.47511431205931,1
13.844932340031752, 4.308736503273822,6
13.873018640773179, 15.074167543109374,6
13.956911523474272, 16.807830261274486,6
13.997305797106796, 12.264683326275685,6
14.007427050199743, 15.703892779178924,6
14.064810993889184, 8.069076508401077,6
14.077508503404747, 11.727286508256508,6
14.124565757645088, 16.92624614767097,6
14.132731326662523, 17.97564951588048,6
14.14083737307983, -2.875279889236559,4
14.171767612164432, -18.811067751057934,1
14.345820358113032, -22.448236732687654,1
14.353692359839604, 3.2049626536205746,4
14.401150714326734, 1.8583241876506262,6
14.414349728052587, 12.416707832899801,6
14.424343239120367, -15.635830868346325,1
14.460526453202222, 20.703918484721953,6
14.489786112851894, 1.051045910402122,4
14.496015740863186, 13.931485709048832,6
14.555750366374896, 17.149465877498073,6
14.565761619278588, 15.624678537919396,6
14.567046403919939, 9.410317569031736,0
14.569601609178015, 11.390474783200393,6
14.607364336630885, -7.226097689438584,7
14.619660312435078, -7.854258899656395,1
14.665266093733674, 18.655443659246934,6
14.665725248346941, 14.973887746994938,6
14.666466576221513, -9.159100507090784,4
14.768499675234986, 17.14187480280403,6
14.796133447069879, 16.28413501111015,0
14.797783632917602, -17.53259303747542,1
14.906171149408992, 11.224316145893228,6
14.941161845158618, -3.369114933614318,4
14.952217443306184, -0.6712401245472407,4
14.958508969876313, 15.661009799124141,6
14.974751288455154, 15.318926413824734,6
15.057617948037953, -4.331796364044102,4
15.092812656430189, 15.89098570987733,6
15.114055221059408, -6.613650556180823,8
15.147850106393493, -14.1720386792601,1
15.198618704667382, 15.790980059532195,6
15.201582465995333, 16.86394164173196,6
15.2066630905153, -12.600830691790831,1
15.258915782638233, 11.09750197459352,6
15.297738972366314, 4.407029948953601,6
15.311992613284538, 16.45877475858234,6
15.344991943008797, 12.437231703018158,6
15.397615064202927, 13.865283016387274,6
15.43359791530852, 14.7690449847083,6
15.59647572076013, 11.469197367743691,6
15.607805020353599, 6.381941190520813,6
15.656794226830426, 0.2366956318806402,4
15.676738542710012, 16.12455666122425,6
15.698006897997464, 13.265299255715464,6
15.726873663610498, -5.908783660751341,4
15.769612108940953, 17.164656177816827,6
15.821785088709513, 13.028722520634092,0
15.882122194613546, 2.3829754833278005,6
15.891464200398882, 17.010222200415544,6
15.906463365239288, 16.54509598684006,6
15.968989221321324, 15.208597534042424,6
15.996896131611582, -9.867455325642734,4
16.05835253699815, 16.048720214884636,6
16.133822339948413, -6.298401382058051,4
16.155831232314906, 10.169819241618006,6
16.20516195832939, -20.215555133691623,1
16.226661255599502, -17.05534424308711,1
16.24245281087558, 16.114998082184968,6
16.353837882162523, 14.408602709991321,6
16.3731607692268, 1.75688404117904,4
16.47459616234943, 6.6590775857030495,4
16.484080577865193, -9.761892568623844,4
16.517512113931673, 11.59798169304458,6
16.558492363263678, 11.851759155114152,6
16.59247047458286, 7.092878986514412,6
16.696927559467433, 4.7311775422985285,6
16.710686677190917, -12.116907107055448,4
16.780278237234693, 6.694961487520136,4
16.789291499383587, 12.707913029919325,6
16.821678848340312, 8.039888848995998,6
16.832208394153675, -1.3880852742910694,4
16.847308647565754, 11.890343334568568,6
16.851205214940556, -6.483914371491429,4
17.003637840265377, -1.8587618994283592,4
17.030617390394973, 17.16720710879812,6
17.064876055794926, -3.711483533293557,4
17.111078903395278, 17.604546810682066,6
17.125949080690223, 15.543506920096982,6
17.157867350690054, -11.660826850994509,1
17.159714911869905, -14.905554718300163,1
17.166674196948325, -2.389202523935728,6
17.175309071416116, 9.556570541520978,6
17.204063889018745, 12.427651483552628,6
17.239126964805138, 7.276148590298857,6
17.27843885533158, -14.210470809567667,1
17.282365288688535, 8.042618988997512,6
17.304200029184734, 6.916311721985029,6
17.3181954751474, 13.773997985373677,6
17.32937062425843, 15.881810193271644,6
17.337609467865498, -1.4926458449522573,4
17.346165945187227, 11.244052317504597,6
17.350018027630256, 1.0558712655403308,4
17.356049772038265, 15.225575324605806,0
17.41324606127584, 16.20322280194129,6
17.4295861870065, 16.011506201464286,6
17.47834300408876, 13.751655261639598,6
17.49266507386554, 12.609139442107761,6
17.49824294750841, 12.57873079581179,6
17.535957868406793, 8.709107029037746,6
17.538769377001543, 4.627729306628348,4
17.546570594668363, -8.221358067073155,4
17.548819885647895, 14.47892260154625,6
17.57997632314512, -7.2103093524541295,4
17.595209586347234, 11.914185904268257,6
17.608165154625866, 11.895756149108697,6
17.712346395834224, 6.109960249481539,6
17.746601506246446, 12.007547206227722,6
17.759393339840987, 10.053909833113096,6
17.78119994050434, -3.7714802319742344,4
17.809041433714388, 12.420584919981613,6
17.867309443728068, -1.833127353883527,6
17.91253692311816, 13.46470419396403,6
17.945947027368717, 15.647924794848644,6
18.005018951730676, 10.402586512804163,6
18.006549038326316, 3.4746873170515733,6
18.06833820263798, -1.4116496585733163,6
18.089901094519895, -2.9552310882744486,4
18.09637719177459, 0.14746824944738895,4
18.141472268376987, -11.142489583288523,1
18.197390535576687, 15.433833183456864,6
18.200438146399932, -13.212954241562995,4
18.23404680283021, 8.13936488474122,6
18.234160313719, 3.158063723553366,5
18.359681579772282, 12.398849627395832,6
18.360717857622447, -10.6187867943427,4
18.371749334390408, 7.26845932471983,4
18.382030451379666, 15.156445426644588,6
18.41228741308345, 13.480830999798991,6
18.417610758155888, -14.954133644850256,4
18.44452092069844, 13.382768733629279,6
18.551126362738817, -2.0420393285235567,4
18.59252169922028, -7.404422166882803,4
18.748064076830385, 2.6905207820796466,4
18.839070621360765, 2.3650336308658755,6
18.88878587752017, 6.023159436673555,6
18.89753486258895, 16.661201843755002,6
19.002078922402106, 18.395650376790417,6
19.014325536966886, -9.495098501720422,4
19.01544844394043, 12.040527499690299,6
19.12502337222378, -4.6362028330712315,6
19.17263457600741, -2.814612679702967,4
19.17949066014228, 11.189229260959827,6
19.184672435782282, -6.366944929258263,4
19.187862728327282, 6.8433644231934885,6
19.302374318237298, 13.877988320221222,6
19.36766043245258, -6.429253021621802,4
19.39627218924047, 12.775870521762823,6
19.401875422730114, 10.94034241098419,6
19.4048072533278, 7.992701376934595,6
19.446584973208374, -4.410856570633069,4
19.47235640496037, 2.2586841053436886,6
19.526094367382992, -5.598109024992593,4
19.620840580060744, 13.142980102223023,6
19.641331628217596, -12.41548000445719,4
19.680266241625663, 12.763801427540463,6
19.793232370690117, 11.135603572221283,6
19.82740002358074, -3.5610978460943485,4
19.889531153465903, -0.14466408290716481,4
19.92225415607104, -19.197571588148232,1
19.92723025894819, 8.222095739544434,6
19.93714025033799, 8.7868323062784,6
2.001275230675696, -3.66450530404778,8
2.005154800783842, 4.557760537160357,5
2.0171447175580535, 24.135918258659096,0
2.0679602742893413, -7.392966633601066,1
2.0985843771434403, -1.550673031712788,8
2.1292675710457556, -18.913569343288035,7
2.1351353402165203, 22.89595603109695,0
2.1572739306910327, 4.793022765919887,5
2.1713644157316847, 18.847614502157228,0
2.2719498461548397, -3.6367106702196117,1
2.294890292386754, 7.588407955254328,9
2.296092926461513, -15.305808484404793,7
2.3082949614657404, 18.22890171336362,0
2.344743512633378, -6.219029330236277,8
2.3534351918092105, 17.62162973613831,0
2.367783145721356, 2.54275551193574,9
2.3697419414471623, -17.6579090745586,7
2.3770711323256957, 28.79616937880396,0
2.3840631565901536, 20.721481364652348,0
2.3987398070293886, -12.637748761438951,5
2.4103203165307487, -12.667060610063794,7
2.4155761695405524, -10.42778356078924,7
2.420296809960922, -10.290358646638769,5
2.4302083083162778, -6.71474505467835,8
2.4724302633728374, -12.897144075562878,7
2.475998103392772, 0.2616451310297386,5
2.478181390711586, 24.06321314560706,0
2.4806749503860215, -5.39162541496018,8
2.50657752811848, -26.78752983394437,1
2.507374996032411, -10.458239780052764,1
2.5306823117718693, -7.108175824838071,7
2.554742957730506, -8.562382740331461,7
2.5746601111294964, 19.230654793398934,0
2.5754397926389156, -25.341761518112385,1
2.598684872355411, 20.947020213387802,0
2.6135574746278, -7.799126498264979,8
2.639286506051256, -14.252632701726501,7
2.6581198733484537, -9.687778686078454,8
2.683156127601184, -19.362925298760228,7
2.73069303331621, -10.009896937746312,8
2.744551045130892, 13.721863229857142,0
2.749807601820945, -11.291076660458998,8
2.801753898535674, -7.266306906689523,1
2.804611731364821, -16.460692026288694,7
2.805451466828445, 26.521491258549162,0
2.8067673258687567, -12.750383692038545,7
2.8096675359395498, 24.269615693009502,0
2.8180578993585357, -14.025580856485568,8
2.8216121012464717, -13.781624714454704,8
2.824527948736645, -9.286926584031342,1
2.8354151796462292, -7.487241689926611,2
2.8633125874047507, 22.433822813899024,0
2.872954786815856, -2.3173468012315523,7
2.8972794795862926, -4.025528865600034,5
2.904995223060694, -5.7802994533692145,1
2.9152120860399067, 1.7049277467388313,5
2.934581296743903, -7.633205869148518,8
2.969516894364358, 22.714505762741858,0
2.9903620942718847, -9.240566792620186,2
20.024518893958188, 6.832914688259678,6
20.09227508545418, 4.60094229391095,0
20.139078085267794, -4.684804614424076,6
20.194533248811123, -6.286834059704235,4
20.216324835000673, -6.141905543444967,4
20.23082531857888, 2.37017581337665,4
20.269933092002482, 18.19290365890684,6
20.315654409276387, -1.8507636557522114,4
20.379789695620428, -10.446025927386499,4
20.420802559666903, 11.349754027940497,6
20.432058365594266, 5.506588356480949,4
20.479031129855397, 6.267163611963545,6
20.519572360706775, -2.136831125481893,4
20.530518186504914, 17.857590049566554,4
20.532315372151718, 4.845372339225134,4
20.55601947063697, 5.26887899472988,6
20.693198506403824, -6.389242632365327,4
20.78777971288132, -7.135619607140006,4
20.7971871628085, -12.870243824221093,4
20.80855321770767, 7.681943681445233,6
20.823939261864684, 10.946621259944985,6
20.863140795451766, 11.227867659274455,6
20.917820207110758, -1.5932729972393824,4
20.999451493621773, 13.258942713630347,4
21.017473561516425, 1.034635144638902,4
21.06902971393159, 9.396823220010347,6
21.096008963723982, -12.783756721593008,4
21.135840754163073, -3.913349615411405,6
21.155068305131607, -1.824186601984284,6
21.257871970498297, 1.01829017547238,4
21.294840572801533, -4.46838960238215,4
21.318108126153962, 6.95604004820221,6
21.334216296467144, 8.105430843999287,6
21.363409776925725, 5.288341275323053,6
21.36460032361573, 8.288251535352975,6
21.39164658748232, 11.176555008005742,6
21.56830224292306, 12.571207712686578,6
21.576680126125147, -4.090913871275077,4
21.653371943284267, 14.01292142340165,4
21.696103734419808, 7.175532805886774,6
21.934608414452242, 1.4990379188338168,6
21.985850614509054, -9.723372467846835,4
22.06879811239671, 2.235172458801514,6
22.0998537092363, -8.115491203583895,4
22.25332899790788, -1.4443779682955753,4
22.257850324960426, -15.988398406705787,4
22.31651189766766, -1.3325752819591312,4
22.359387162231396, -6.695387517542881,4
22.41644765624797, -10.87264880972811,4
22.426659449428023, 10.557023156711567,6
22.452060327216188, -1.4764536145296465,4
22.568148407077334, 0.6865830917896589,4
22.578031915856005, -4.811066507667282,4
22.69775255748019, -13.280924006116866,4
22.699893899509643, 3.6411730876498645,4
22.772324641625683, 4.986720347379974,4
22.85171642871349, 10.054288652465983,6
23.094552897882043, 10.525182985770472,6
23.264152858942346, -10.444186505389206,4
23.30686751467561, 4.269061795010126,4
23.32308029833101, 2.8974664971191535,4
23.395297232287295, -1.0159250995088556,4
23.407131814515527, 2.567517354611742,4
23.411182261593382, 10.74105763342743,4
23.459429473865995, 11.085011990407429,4
23.603388937878446, 3.4106864977602114,4
23.606624698939353, 6.089313190850136,4
23.640336419386657, -2.2253731834214974,4
23.70162119677959, 7.619501446291619,6
23.7031251322674, 5.465916464129019,6
23.754031906378845, 0.1395006809545112,4
23.76843754923187, 3.2295323337175024,4
23.889151590286016, 6.135195093251797,4
24.079403743090015, -0.5207505287500339,4
24.11380498715866, 6.089258987480218,6
24.392675791722052, -0.8281032090658076,4
24.409427396351987, -4.991432670632042,4
24.435177837497317, 0.5794453685492351,6
24.445603953799257, -2.8539350243663546,4
24.45673485419498, 2.6612914349795402,4
24.50237250346157, 1.2684675513979162,6
24.507036833908273, 1.2244821464074067,4
24.54699744889628, 12.45783749617117,4
24.738589455654946, -2.535339259501764,4
24.747085597504483, 10.305649132475029,4
24.845194109578586, -13.100008965286197,4
25.033477815244304, -3.7115413752434243,4
25.045085295875605, 0.771231238647262,4
25.09501704040334, -4.111302564935191,4
25.159462055817098, 0.19775763082182782,4
25.187300400755205, -6.7488626557720695,4
25.20042731154263, 11.239696524389275,4
25.292662195522354, 13.649774064999873,4
25.33874270179452, -12.589395412014479,4
25.367561894060128, 9.051914133586617,4
25.413780118062363, 2.3459263534164543,4
25.676478864262663, 4.368071280025306,4
25.73808257056027, -2.5337623784648824,4
25.744024884253978, 2.473335741658538,4
25.78968310205647, -0.5440177611852812,4
25.971702511857185, 2.573845884754805,4
26.04489136227323, 9.176245449168706,4
26.16294960173924, 12.670258294182844,4
26.250056579102914, -11.806753707585722,4
26.282900386040065, -3.037677740362678,4
26.41362939709812, -4.16494937785045,4
26.431548767676045, 9.504655376428833,4
26.45292225674268, -3.9439808313968827,4
26.461361547530206, 11.211584829418266,4
26.67571539138594, 0.7498647218190678,4
26.68918378219107, 0.6650646603277106,4
26.747633694888425, 0.030344652246422486,4
26.750804511581688, 0.9822345542997275,4
26.762970824489194, 1.866800500832984,4
26.803275821880494, 2.232482762228672,4
26.83751633060882, -1.2303395028070157,4
26.977210982839022, -0.9096008563182598,4
27.00854937435568, -2.301936178775443,4
27.10402089426908, 2.1720625963919376,4
27.161912033445915, -9.284113696170968,4
27.236641254176572, 3.135347022663232,4
27.270527864981585, -0.5560984175783483,4
27.28697322430574, 1.180761263792459,4
27.292234324024275, 9.036207430170615,4
27.361410414778238, 3.797784106902773,4
27.52297939450947, -5.502674237427514,4
27.566229231004282, 4.130558429338652,4
27.788174686723007, 5.314845006883115,4
27.798676984719293, 6.522142729387744,4
27.990298104454606, 10.210456535997638,4
28.096186504823333, -0.7073533971156858,4
28.123972967352344, 9.994560949180894,4
28.18120141611223, 7.782534111699069,4
28.18162025104808, 7.427001183148272,4
28.222182584833103, 3.1226242829843676,4
28.227629726314944, 9.628071205170578,4
28.290256160619506, 4.3158512272838125,4
28.435723695394728, 12.254413395958075,4
28.629769039892214, 9.727174290798853,4
28.756965318035295, -0.36060376378841363,4
28.763295305737614, 6.931768144199166,4
28.842028284187425, 2.0067412252236587,4
28.85278214788946, 1.6754666149825965,4
28.859790885244504, -0.7226777427126853,4
28.889214358534577, 2.7423771114047373,4
28.953241130093048, 3.141183410911011,4
28.984705676626877, 1.2060204103727568,4
28.99719012760254, -0.24447247791533305,4
29.09622848190535, 4.458706576880846,4
29.46778231939238, 9.379363863570221,4
29.479084326522663, 6.672162545439782,4
29.515865601096912, 6.809990886703736,4
29.557565484484947, 3.9303978049087784,4
29.812844851474228, -4.172384214100951,4
29.977058914044594, 8.008168093210495,4
3.009182513276089, -11.994808794697914,1
3.009721528620817, -11.390420180826034,5
3.029971910709455, -6.703589119151043,8
3.070545462321881, -9.82166396642893,2
3.115040548389254, -10.382008717606704,8
3.118600195543405, 23.415611743782712,0
3.132167451977064, 24.091134282653766,0
3.135180127508805, -14.100675775736407,1
3.1501523011412718, 20.832731605378218,0
3.171671595923664, -12.790383283041228,5
3.2178870611619503, 0.23374359603219072,8
3.253990473776814, -9.593460894786928,1
3.260364289486505, -12.3373743633961,7
3.344925541187892, -8.724997592058244,5
3.348992873728967, -19.37397930631954,7
3.3655314209460188, 17.286778591482165,0
3.375526612387671, -5.469839249432335,7
3.3776910456293217, 11.430168196104605,5
3.3794846975174893, -4.789770236554049,5
3.419798132086864, -11.957625004942557,8
3.439693196539604, 24.57995294412027,0
3.4675057673496354, -25.255944179287003,1
3.486881324719001, 23.12434709299171,0
3.524365998798195, -14.77619850561471,7
3.5474589700369408, -3.6053712278633454,8
3.552850732875465, -7.9795486621193,8
3.5533244107833286, -17.972234094058326,8
3.560963041983416, 21.529026777251786,0
3.5708688338016104, 23.550165014784863,0
3.610844699908927, -11.30638098468241,8
3.6509498768605804, -10.383487992556985,8
3.6521350043171217, 21.20961826704676,0
3.6541941966209857, -6.802639362977194,8
3.658460472394047, 21.723553291720513,0
3.6631201124330706, 20.538017211860232,0
3.666394721127588, -10.910973736160765,8
3.6819600296224464, -11.339717411756098,7
3.75573789594296, 26.311389363549797,0
3.7578006027138753, -15.899135017287037,7
3.773440275491213, 0.8181364215350526,5
3.7739513870404364, -16.611093798880347,7
3.7820940467857223, -4.55834836205517,1
3.7826704914298146, -13.539422620941613,7
3.8415118000690223, -2.8594973462589794,8
3.8497177391719504, -0.17597202600928957,5
3.8529024021417033, 0.41050040081324946,8
3.8598274159700816, -19.633988914308798,7
3.877646569323941, 23.16691504428774,0
3.8867320356855704, -18.74727733843797,7
3.917390099122078, -11.008658264406058,1
3.933783849043925, 25.27717473296577,0
3.938593000925868, 20.882141879905546,0
30.398982474732083, 7.809738452627539,4
31.700125402635177, 2.7835660235787008,4
4.019834855280001, -12.86767677722722,7
4.027628248781246, 25.079504596505366,0
4.045921034573998, -12.538547018122467,8
4.095453919635898, 18.320303785598757,0
4.11118985467308, -24.448791718866925,1
4.1265295841166765, -16.212840680794415,7
4.192812321422277, -26.275491569499728,1
4.209085238688171, -0.21655700571888747,8
4.21813165319271, 22.603580561052052,0
4.223122296466462, 5.102030703771369,8
4.25497286303869, -17.29341595395507,7
4.266380049817956, 18.071868208438023,0
4.289128822637293, 22.57856000464056,0
4.304373845137915, 0.9682200529431242,8
4.31965287392587, -15.58781735632029,8
4.36518595690597, -7.778986656540601,1
4.368948873951766, -17.01737160517621,7
4.421184545382073, -9.67789777910503,5
4.449156481498723, 1.6154055599581287,5
4.459896756043925, -11.033213771212042,5
4.500377676286779, -8.46472852161087,1
4.502782842243148, -18.10334813994748,7
4.512887255080716, -19.188302023991294,7
4.532754629003236, -22.64877060811988,1
4.540169169054455, 24.035800283034032,0
4.572444582681823, -11.492528576885672,5
4.665307071898454, -14.435902019106566,7
4.709834343603423, 18.377201568199624,0
4.721347803519963, -22.459192060626446,1
4.77000436728453, -11.743512121389818,7
4.775851073444594, -5.181393692437744,7
4.825388174206391, -6.2317556036427195,7
4.834242153864292, -1.6244896681597554,5
4.87481997132003, -20.399254514212863,7
4.906701476627549, -16.662817203440852,1
4.922678704301825, -18.102513648221574,8
4.9436559995178655, 19.345676005095633,0
4.967380272731557, -4.730502311660331,1
5.008343265800818, 20.33208018228207,0
5.018477752430668, 20.774682150833204,0
5.0477677002731935, -10.993859041625536,5
5.071090215286599, -24.191254301343317,1
5.089399037512114, 6.873426686321051,8
5.105790781257531, -7.814783828678915,4
5.1775236355062075, -11.913570205913604,7
5.179901639009959, -8.546852877253269,7
5.198147232653913, 26.77097554186182,0
5.199842607887294, -23.765120365850876,1
5.21880247204075, -3.090911308285574,9
5.235430492521932, 27.906319182140685,0
5.27174636328589, -5.364031276233691,8
5.303636411166477, -0.3017986517312299,9
5.328825424982855, 1.0857570393286424,5
5.346035776143192, -22.426943758083866,1
5.356475664924378, -14.12115972528113,7
5.363687126428283, 17.281961277792412,0
5.365414654296462, 21.464745949950743,0
5.380532610188887, 19.602539933066947,6
5.424008532721783, -15.77055873082465,8
5.496343107281045, 13.618673540013027,6
5.501891601619957, -26.843417398291624,1
5.507646569659181, -9.544070133865404,7
5.522116811268761, -20.4699403033509,7
5.592875538828852, -11.560083804165155,1
5.616053498304993, -12.926353610742783,7
5.648397357008174, 18.794948091851545,0
5.663813655534038, -10.368680170576772,7
5.68344529358815, -26.882018964967074,1
5.710828873077744, 24.42580255828881,0
5.7114173127767165, -12.492240283721513,7
5.715085399446696, -6.560921608372306,8
5.716250857862269, -19.7646178295536,7
5.722826973925391, -14.598465945645398,1
5.724889939026254, -26.025098518311925,1
5.753320697683806, 17.811098086153326,0
5.817955177470681, 18.497679842340386,0
5.863024870318181, -10.89311944479221,7
6.016915324230782, -1.6240039464673086,8
6.023720905468272, 20.83945489461799,0
6.111416278842951, -5.461902948397108,5
6.134363887332781, 15.899978530967676,0
6.1363863461044525, -25.560131126153966,1
6.175889411045204, -0.6414291611014312,7
6.1797804993335514, -10.943810155865565,1
6.217240487093208, -26.12005641344484,1
6.249832423025165, -26.50749946450411,1
6.249955218699799, -4.700424708018917,7
6.265388659804962, -7.2592683103397215,2
6.280496970941728, -2.240954678307687,5
6.300959184697859, -13.627400051684685,5
6.305113166329159, -11.251337012050671,7
6.30807728815315, 20.10219225428966,0
6.394905691412614, -8.018311879661896,7
6.42480387796723, -12.737921493806097,1
6.435364616835297, 19.47710824919553,0
6.453965623611994, 26.138822941520285,0
6.464574472991355, 20.567300725441214,0
6.49766674215707, 25.287790828750595,0
6.518635354501969, -2.3785406837001046,8
6.5249145436770215, -3.7144208753976655,7
6.543811023391485, -15.936489311156485,1
6.564547948491867, -13.927228122488467,2
6.592963940420664, -4.5209013052776825,6
6.620387682349636, 23.501932302804008,0
6.65895531855554, 23.741218621233735,0
6.659994763889903, -11.72352015177689,2
6.706794080176295, -17.12123447540283,1
6.717144285752784, 12.07489682211378,5
6.742915244196002, 22.409251932520323,0
6.788870432112112, 20.91683816696778,0
6.876246633858167, -20.617379912157112,1
6.897605830911188, -13.32129797099962,7
6.917905079781816, -25.258575319972316,1
6.963874391259552, -26.44057462351628,1
6.991923143649477, -9.955985467494262,2
7.058232138290939, -7.670886205206271,8
7.120084939954533, 25.65275266101096,0
7.173261266009343, -12.26885601798176,8
7.198325530401973, -1.9155175480050644,7
7.20773183124536, -9.865110649447717,1
7.233963823186149, -4.732025878115176,8
7.401563364379639, -26.31133829264329,1
7.415182856662885, -3.6351331520173615,1
7.499049662973018, -20.86422498981329,1
7.501967668246395, -14.391052316406146,7
7.510540975584064, 16.989857192606074,0
7.536071194881115, -18.94142847658494,1
7.547973243735236, 21.12730763329823,0
7.5823869932489005, -10.893187409219456,1
7.59437307334172, 1.637036849706653,9
7.6100831899835795, 19.005224847358026,0
7.653090816394472, 21.08939244646243,0
7.688519876251335, -23.18037281390775,1
7.694313270654206, 22.411855999092833,0
7.6954087041977255, -8.705254051486541,5
7.721417867566213, -10.170667454635403,5
7.723759919285517, -14.598648503020847,7
7.751541867471801, -5.236379928660153,1
7.758854572118343, -11.811888300141604,4
7.7861762881950805, -0.9131163980803125,8
7.861232956669089, -8.360558901802833,5
7.914204642801399, -11.539187174652476,1
7.914305309174739, -10.855708642259343,1
7.931165148445483, -5.836160201063227,5
7.9569743026597655, 23.21066486007275,0
7.957611197233077, -20.768699261187436,1
7.968875118325537, -23.31057133502296,1
7.976823964426314, -8.368954368196755,7
8.035538965982173, -7.075967778166505,5
8.042470075992783, -14.935645313160403,1
8.06306699899141, 19.788440587951463,6
8.079393889540476, 8.660270881478978,5
8.081884629922389, 22.2766075552391,0
8.146359652683467, 8.696128481002875,5
8.22773305431806, -12.302454219462781,5
8.263325634834393, -5.30485040886028,1
8.278126924750431, 24.385326182870365,0
8.27925065741003, -25.345029989224123,1
8.312680265765096, -3.829872916711143,8
8.34252684442691, -11.08742478717462,9
8.384507200375916, -15.601052526560409,1
8.412765859465672, 20.04903974066541,0
8.413368826401173, -8.104700030858677,5
8.451991363319712, -1.3860714850453268,5
8.475727197487437, 1.2878995913896467,9
8.557608340058573, 23.51691496073813,0
8.591492666248124, -18.300169548758326,7
8.692891469709714, -24.761501403937096,1
8.700766281433484, -13.27343149760918,7
8.76902588654624, -18.5844079211194,1
8.780642817996752, -25.7988298300672,1
8.807141686839705, -9.227251944212764,8
8.814111440741094, -11.412754943066046,5
8.836523895565426, 0.6879803069608307,7
8.851551998528736, -17.003359193518403,1
8.886698295542084, 7.565009316933509,5
8.919398615611717, -21.08008716578175,7
8.945270059353806, -1.759752671226693,1
9.012537187829247, -22.506926230142955,1
9.02458484827682, -12.333025307351907,1
9.084630166369253, 21.021050944029117,6
9.148219312783485, -10.919221103780773,5
9.161382462760947, -19.758591650087723,1
9.205652845081449, -0.3494080332126725,9
9.224607777838331, -23.029462655176527,1
9.251103210312438, 16.643322468412165,0
9.323214300586995, 2.572448062114593,5
9.32747407303913, -19.696967477438434,1
9.343732893326251, 13.649438391620164,0
9.359101362939427, -18.77323116970394,1
9.361808797563404, 0.9045242583748764,6
9.530344239479493, -9.762773105471844,1
9.579962337889295, 10.59081759606489,0
9.607122031864524, -11.485157485100087,8
9.667842997187936, 17.120240693395736,6
9.680223729948802, -2.928332220745138,1
9.718381604855654, -16.84064449835598,1
9.724209377032794, 6.001001636449416,5
9.7777733654201, -9.908224600200885,7
9.788655608840116, 19.85094358663641,6
9.839783642619526, -2.7725454983234634,9
9.865129617459427, -5.568729320782454,8
9.890190553462622, -16.896431410865656,1
9.905384212611429, -6.088602642538933,5
9.91882840002948, -23.711635263414532,1
9.930616533502187, 21.577958296523327,6
